ID,Kernel Name,Compute throughput,SM,Memory throughput,DRAM throughput,Achieved occupancy,Maximum occupancy,L1 hit rate,L2 hit rate
0,layer_norm_grad_input_kernel_vectorized,36.42,108,66.81,66.81,65.39,75,44.44,53.01
1,GammaBetaBackwardCUDAKernel_32x32,12.19,108,38.68,38.68,49.91,100,0.09,15.96
2,vectorized_elementwise_kernel,0.02,108,0.40,0.08,6.21,100,0,89.80
3,vectorized_elementwise_kernel,0.02,108,0.48,0.09,6.20,100,0,89.30
4,vectorized_elementwise_kernel,15.78,108,69.88,69.88,84.81,100,0,53.72
5,ampere_sgemm_128x64_tn,95.85,108,48.14,2.05,23.96,25,0.36,98.59
6,ampere_sgemm_128x128_nt,98.50,108,31.89,3.98,23.45,25,0.04,77.69
7,reduce_kernel,8.84,108,32.94,32.94,41.52,62.50,8.31,7.38
8,vectorized_elementwise_kernel,0.02,108,0.47,0.09,6.21,100,0,91.22
9,vectorized_elementwise_kernel,7.24,108,44.76,38.36,73.71,100,0,52.06
10,vectorized_elementwise_kernel,6.48,108,87.35,87.35,92.46,100,0,48.95
11,vectorized_elementwise_kernel,6.50,108,87.39,87.39,92.56,100,0,48.73
12,vectorized_elementwise_kernel,7.85,108,87.40,87.40,91.97,100,0,48.71
13,vectorized_elementwise_kernel,8.59,108,84.73,84.73,88.64,100,0,61.63
14,vectorized_elementwise_kernel,8.57,108,84.80,84.80,88.74,100,0,61.61
15,vectorized_elementwise_kernel,8.58,108,83.97,83.97,89.37,100,0,61.46
16,vectorized_elementwise_kernel,8.62,108,84.29,84.29,89.37,100,0,61.56
17,vectorized_elementwise_kernel,6.48,108,87.32,87.32,92.43,100,0,48.56
18,vectorized_elementwise_kernel,6.46,108,86.50,86.50,91.90,100,27.67,44.30
19,vectorized_elementwise_kernel,8.58,108,84.97,84.97,88.83,100,0,61.90
20,vectorized_elementwise_kernel,6.48,108,86.65,86.65,91.72,100,27.66,44.08
21,ampere_sgemm_128x32_tn,89.10,108,80.33,2.45,45.63,50,0.13,96.74
22,ampere_sgemm_64x32_sliced1x4_nt,92.96,108,53.01,6.38,23.89,25,0.08,82.76
23,reduce_kernel,11.42,108,60.05,60.05,55.61,62.50,4.91,20.68
24,vectorized_elementwise_kernel,0.04,108,0.57,0.21,6.14,100,0,80.94
25,vectorized_elementwise_kernel,7.31,108,44.25,37.99,72.34,100,0,51.71
26,layer_norm_grad_input_kernel_vectorized,37.29,108,65.73,65.73,64.97,75,44.54,53.42
27,GammaBetaBackwardCUDAKernel_32x32,12.09,108,38.13,38.13,49.91,100,0.09,18.90
28,vectorized_elementwise_kernel,6.60,108,73.12,73.12,87.81,100,29.19,40.74
29,vectorized_elementwise_kernel,0.02,108,0.47,0.09,6.19,100,0,92.38
30,vectorized_elementwise_kernel,0.02,108,0.47,0.09,6.20,100,0,89.19
31,vectorized_elementwise_kernel,15.44,108,68.87,68.87,84.62,100,0,54.88
32,ampere_sgemm_128x32_tn,87.72,108,80.17,2.46,45.64,50,0.51,97.37
33,ampere_sgemm_64x32_sliced1x4_nt,82.38,108,46.95,6.02,20.82,25,0.07,81.39
34,reduce_kernel,9.44,108,32.03,32.03,41.64,62.50,8.30,7.12
35,vectorized_elementwise_kernel,0.02,108,0.50,0.10,6.21,100,0,89.00
36,vectorized_elementwise_kernel,4.03,108,18.86,18.73,44.20,100,0,53.86
37,vectorized_elementwise_kernel,6.45,108,75.93,75.93,87.91,100,0,45.74
38,reduce_kernel,75.79,108,23.92,23.92,90.24,100,10.44,8.86
39,elementwise_kernel,6.06,108,12.18,3.22,20.33,100,0,86.80
40,vectorized_elementwise_kernel,14.49,108,24.14,4.91,9.28,100,0,99.74
41,fmha_cutlassB_f32_aligned_64x64_k64_dropout_sm80,36.58,108,29.80,11.58,12.18,12.50,17.00,81.99
42,CatArrayBatchedCopy_aligned16_contig,57.78,108,74.67,74.67,90.96,100,60.00,62.88
43,ampere_sgemm_128x32_tn,88.68,108,80.07,2.25,45.64,50,0.18,97.20
44,ampere_sgemm_128x32_sliced1x4_nt,98.09,108,40.40,4.94,12.50,12.50,0,85.52
45,reduce_kernel,12.10,108,51.50,51.50,57.37,62.50,6.37,19.54
46,vectorized_elementwise_kernel,0.04,108,0.53,0.16,6.16,100,0,84.07
47,vectorized_elementwise_kernel,6.62,108,32.87,32.87,66.48,100,0,51.85
48,layer_norm_grad_input_kernel_vectorized,37.40,108,66.03,66.03,65.21,75,44.54,53.79
49,GammaBetaBackwardCUDAKernel_32x32,12.14,108,38.20,38.20,49.91,100,0.09,18.82
50,vectorized_elementwise_kernel,6.61,108,72.34,72.34,88.09,100,29.24,41.20
51,vectorized_elementwise_kernel,0.02,108,0.46,0.09,6.21,100,0,88.81
52,vectorized_elementwise_kernel,0.02,108,0.47,0.09,6.21,100,0,91.46
53,vectorized_elementwise_kernel,15.45,108,69.70,69.70,85.25,100,0,54.38
54,ampere_sgemm_128x64_tn,95.86,108,48.15,2.06,23.96,25,0.36,98.93
55,ampere_sgemm_128x128_nt,98.49,108,31.89,4.00,23.45,25,0.04,77.76
56,reduce_kernel,9.52,108,32.29,32.29,41.84,62.50,8.29,7.11
57,vectorized_elementwise_kernel,0.02,108,0.50,0.10,6.21,100,0,90.89
58,vectorized_elementwise_kernel,7.31,108,43.54,37.30,73.43,100,0,52.12
59,vectorized_elementwise_kernel,6.46,108,87.72,87.72,92.05,100,0,49.01
60,vectorized_elementwise_kernel,6.48,108,87.66,87.66,92.52,100,0,48.98
61,vectorized_elementwise_kernel,7.84,108,87.54,87.54,92.15,100,0,48.54
62,vectorized_elementwise_kernel,8.66,108,84.75,84.75,88.57,100,0,61.84
63,vectorized_elementwise_kernel,8.59,108,84.44,84.44,88.71,100,0,61.28
64,vectorized_elementwise_kernel,8.55,108,84.35,84.35,89.26,100,0,61.18
65,vectorized_elementwise_kernel,8.57,108,84.98,84.98,89.44,100,0,61.95
66,vectorized_elementwise_kernel,6.44,108,87.72,87.72,92.57,100,0,48.54
67,vectorized_elementwise_kernel,6.49,108,86.44,86.44,92.00,100,27.28,44.36
68,vectorized_elementwise_kernel,8.55,108,84.43,84.43,88.64,100,0,61.70
69,vectorized_elementwise_kernel,6.45,108,86.53,86.53,91.89,100,27.48,43.94
70,ampere_sgemm_128x32_tn,89.11,108,80.34,2.44,45.62,50,0.13,96.78
71,ampere_sgemm_64x32_sliced1x4_nt,92.96,108,53.00,6.38,23.89,25,0.09,82.76
72,reduce_kernel,11.51,108,59.43,59.43,56.33,62.50,4.90,20.83
73,vectorized_elementwise_kernel,0.04,108,0.57,0.21,6.13,100,0,84.67
74,vectorized_elementwise_kernel,7.33,108,42.86,36.80,72.52,100,0,51.53
75,layer_norm_grad_input_kernel_vectorized,37.28,108,66.04,66.04,65.24,75,44.62,53.80
76,GammaBetaBackwardCUDAKernel_32x32,12.07,108,38.49,38.49,49.90,100,0.09,18.70
77,vectorized_elementwise_kernel,6.67,108,71.79,71.79,88.25,100,29.20,40.89
78,vectorized_elementwise_kernel,0.02,108,0.47,0.09,6.19,100,0,91.64
79,vectorized_elementwise_kernel,0.02,108,0.51,0.10,6.18,100,0,89.41
80,vectorized_elementwise_kernel,15.14,108,68.76,68.76,84.95,100,0,54.41
81,ampere_sgemm_128x32_tn,87.72,108,80.16,2.45,45.63,50,0.52,97.41
82,ampere_sgemm_64x32_sliced1x4_nt,82.12,108,46.80,6.05,20.82,25,0.07,81.42
83,reduce_kernel,9.25,108,31.56,31.56,41.35,62.50,8.27,6.78
84,vectorized_elementwise_kernel,0.02,108,0.51,0.09,6.21,100,0,90.15
85,vectorized_elementwise_kernel,4.12,108,22.84,18.88,43.56,100,0,53.93
86,vectorized_elementwise_kernel,6.56,108,76.46,76.46,87.74,100,0,46.01
87,reduce_kernel,75.79,108,23.97,23.97,90.19,100,10.44,8.84
88,elementwise_kernel,6.06,108,12.11,3.19,20.40,100,0,87.83
89,vectorized_elementwise_kernel,14.49,108,24.14,4.51,9.28,100,0,101.75
90,fmha_cutlassB_f32_aligned_64x64_k64_dropout_sm80,36.62,108,29.88,11.24,12.17,12.50,16.88,81.87
91,CatArrayBatchedCopy_aligned16_contig,58.42,108,75.04,75.04,90.94,100,60.00,62.85
92,ampere_sgemm_128x32_tn,88.68,108,80.07,2.25,45.64,50,0.18,97.12
93,ampere_sgemm_128x32_sliced1x4_nt,98.09,108,40.40,4.94,12.50,12.50,0,84.78
94,reduce_kernel,11.71,108,53.12,53.12,55.64,62.50,6.37,19.87
95,vectorized_elementwise_kernel,0.04,108,0.56,0.17,6.18,100,0,83.72
96,vectorized_elementwise_kernel,6.52,108,38.70,32.99,66.54,100,0,51.30
97,layer_norm_grad_input_kernel_vectorized,37.30,108,65.78,65.78,65.18,75,44.66,53.96
98,GammaBetaBackwardCUDAKernel_32x32,12.25,108,38.37,38.37,49.90,100,0.09,18.28
99,vectorized_elementwise_kernel,6.60,108,72.17,72.17,88.15,100,28.92,40.98
100,vectorized_elementwise_kernel,0.02,108,0.47,0.09,6.17,100,0,89.00
101,vectorized_elementwise_kernel,0.02,108,0.50,0.10,6.19,100,0,91.69
102,vectorized_elementwise_kernel,15.43,108,68.37,68.37,84.94,100,0,54.46
103,ampere_sgemm_128x64_tn,95.88,108,48.16,2.06,23.96,25,0.36,98.57
104,ampere_sgemm_128x128_nt,98.51,108,31.90,3.99,23.45,25,0.04,77.81
105,reduce_kernel,8.95,108,32.68,32.68,41.75,62.50,8.30,7.09
106,vectorized_elementwise_kernel,0.02,108,0.70,0.09,6.19,100,0,91.22
107,vectorized_elementwise_kernel,7.11,108,44.36,38.03,72.96,100,0,51.84
108,vectorized_elementwise_kernel,6.46,108,86.90,86.90,92.06,100,0,49.04
109,vectorized_elementwise_kernel,6.46,108,87.39,87.39,92.11,100,0,48.93
110,vectorized_elementwise_kernel,7.83,108,87.36,87.36,92.14,100,0,48.77
111,vectorized_elementwise_kernel,8.57,108,84.64,84.64,88.66,100,0,61.62
112,vectorized_elementwise_kernel,8.62,108,84.48,84.48,88.76,100,0,61.81
113,vectorized_elementwise_kernel,8.51,108,84.01,84.01,89.27,100,0,61.59
114,vectorized_elementwise_kernel,8.61,108,84.61,84.61,89.32,100,0,61.60
115,vectorized_elementwise_kernel,6.50,108,87.42,87.42,92.56,100,0,48.71
116,vectorized_elementwise_kernel,6.46,108,86.52,86.52,91.85,100,27.44,44.28
117,vectorized_elementwise_kernel,8.59,108,84.68,84.68,88.81,100,0,61.81
118,vectorized_elementwise_kernel,6.44,108,86.66,86.66,92.03,100,27.45,44.41
119,ampere_sgemm_128x32_tn,89.03,108,80.27,2.45,45.63,50,0.13,96.73
120,ampere_sgemm_64x32_sliced1x4_nt,92.97,108,53.01,6.38,23.89,25,0.08,82.67
121,reduce_kernel,11.65,108,59.71,59.71,55.58,62.50,4.89,20.78
122,vectorized_elementwise_kernel,0.04,108,0.62,0.22,6.07,100,0,83.17
123,vectorized_elementwise_kernel,7.23,108,44.03,37.74,73.18,100,0,51.89
124,layer_norm_grad_input_kernel_vectorized,37.49,108,65.62,65.62,65.13,75,44.30,54.21
125,GammaBetaBackwardCUDAKernel_32x32,12.19,108,37.87,37.87,49.91,100,0.09,18.42
126,vectorized_elementwise_kernel,6.60,108,73.21,73.21,88.03,100,29.02,40.78
127,vectorized_elementwise_kernel,0.02,108,0.46,0.09,6.02,100,0,90.71
128,vectorized_elementwise_kernel,0.02,108,0.46,0.09,6.20,100,0,92.38
129,vectorized_elementwise_kernel,15.49,108,68.51,68.51,85.09,100,0,54.42
130,ampere_sgemm_128x32_tn,87.81,108,80.24,2.46,45.64,50,0.52,97.43
131,ampere_sgemm_64x32_sliced1x4_nt,82.42,108,46.97,5.97,20.81,25,0.09,81.37
132,reduce_kernel,9.44,108,32.28,32.28,41.57,62.50,8.29,6.79
133,vectorized_elementwise_kernel,0.02,108,0.47,0.09,6.19,100,0,92.84
134,vectorized_elementwise_kernel,4.04,108,22.81,18.76,42.83,100,0,54.35
135,vectorized_elementwise_kernel,6.39,108,75.97,75.97,88.36,100,0,46.04
136,reduce_kernel,75.95,108,24.00,24.00,90.22,100,10.44,8.80
137,elementwise_kernel,6.14,108,11.67,3.16,20.42,100,0,86.97
138,vectorized_elementwise_kernel,14.50,108,24.17,4.59,9.28,100,0,99.87
139,fmha_cutlassB_f32_aligned_64x64_k64_dropout_sm80,36.86,108,30.08,11.26,12.15,12.50,17.16,81.78
140,CatArrayBatchedCopy_aligned16_contig,57.90,108,76.04,76.04,90.76,100,60.00,62.81
141,ampere_sgemm_128x32_tn,88.59,108,79.99,2.25,45.64,50,0.17,97.18
142,ampere_sgemm_128x32_sliced1x4_nt,98.07,108,40.39,4.94,12.50,12.50,0,84.62
143,reduce_kernel,12.63,108,51.27,51.27,56.58,62.50,6.37,19.74
144,vectorized_elementwise_kernel,0.04,108,0.57,0.17,6.19,100,0,88.98
145,vectorized_elementwise_kernel,6.39,108,38.73,33.02,67.21,100,0,52.11
146,layer_norm_grad_input_kernel_vectorized,37.70,108,66.42,66.42,65.13,75,44.73,54.33
147,GammaBetaBackwardCUDAKernel_32x32,12.19,108,38.56,38.56,49.92,100,0.09,18.56
148,vectorized_elementwise_kernel,6.65,108,73.31,73.31,88.50,100,29.28,41.16
149,vectorized_elementwise_kernel,0.02,108,0.46,0.09,6.16,100,0,92.30
150,vectorized_elementwise_kernel,0.02,108,0.47,0.09,6.16,100,0,90.07
151,vectorized_elementwise_kernel,15.57,108,69.77,69.77,85.13,100,0,54.41
152,ampere_sgemm_128x64_tn,95.87,108,48.16,2.06,23.96,25,0.36,98.45
153,ampere_sgemm_128x128_nt,98.50,108,31.89,3.96,23.45,25,0.04,77.68
154,reduce_kernel,9.09,108,32.33,32.33,41.78,62.50,8.28,7.31
155,vectorized_elementwise_kernel,0.02,108,0.49,0.09,6.21,100,0,91.34
156,vectorized_elementwise_kernel,7.30,108,44.20,37.86,72.35,100,0,52.17
157,vectorized_elementwise_kernel,6.46,108,87.31,87.31,92.02,100,0,48.98
158,vectorized_elementwise_kernel,6.48,108,87.50,87.50,92.46,100,0,48.70
159,vectorized_elementwise_kernel,7.81,108,87.62,87.62,92.05,100,0,48.68
160,vectorized_elementwise_kernel,8.58,108,84.89,84.89,88.70,100,0,61.77
161,vectorized_elementwise_kernel,8.62,108,84.57,84.57,88.81,100,0,61.55
162,vectorized_elementwise_kernel,8.56,108,84.37,84.37,89.27,100,0,61.44
163,vectorized_elementwise_kernel,8.65,108,84.41,84.41,89.33,100,0,61.64
164,vectorized_elementwise_kernel,6.48,108,87.65,87.65,92.46,100,0,48.50
165,vectorized_elementwise_kernel,6.47,108,86.62,86.62,91.86,100,27.26,44.18
166,vectorized_elementwise_kernel,8.57,108,84.59,84.59,88.64,100,0,61.87
167,vectorized_elementwise_kernel,6.48,108,86.58,86.58,91.94,100,27.61,44.20
168,ampere_sgemm_128x32_tn,89.14,108,80.37,2.44,45.63,50,0.13,96.74
169,ampere_sgemm_64x32_sliced1x4_nt,92.96,108,53.00,6.38,23.88,25,0.08,82.81
170,reduce_kernel,11.42,108,58.64,58.64,57.77,62.50,4.89,21.00
171,vectorized_elementwise_kernel,0.04,108,0.58,0.21,6.18,100,0,83.40
172,vectorized_elementwise_kernel,6.92,108,44.60,38.21,72.56,100,0,51.14
173,layer_norm_grad_input_kernel_vectorized,37.56,108,65.24,65.24,65.00,75,44.75,53.60
174,GammaBetaBackwardCUDAKernel_32x32,12.10,108,38.16,38.16,49.91,100,0.09,18.35
175,vectorized_elementwise_kernel,6.49,108,73.92,73.92,88.18,100,29.01,40.96
176,vectorized_elementwise_kernel,0.02,108,0.47,0.09,6.17,100,0,89.70
177,vectorized_elementwise_kernel,0.02,108,0.50,0.10,6.17,100,0,89.70
178,vectorized_elementwise_kernel,15.43,108,69.43,69.43,84.87,100,0,54.51
179,ampere_sgemm_128x32_tn,87.82,108,80.26,2.45,45.63,50,0.52,97.38
180,ampere_sgemm_64x32_sliced1x4_nt,82.27,108,46.88,5.99,20.86,25,0.07,81.39
181,reduce_kernel,9.15,108,31.90,31.90,41.39,62.50,8.29,6.81
182,vectorized_elementwise_kernel,0.02,108,0.51,0.09,6.20,100,0,88.57
183,vectorized_elementwise_kernel,3.89,108,19.09,18.98,42.12,100,0,53.83
184,vectorized_elementwise_kernel,6.34,108,76.39,76.39,88.56,100,0,45.86
185,reduce_kernel,75.88,108,23.99,23.99,90.18,100,10.44,8.53
186,elementwise_kernel,6.06,108,12.51,3.27,20.33,100,0,86.41
187,vectorized_elementwise_kernel,14.51,108,24.17,4.50,9.49,100,0,101.99
188,fmha_cutlassB_f32_aligned_64x64_k64_dropout_sm80,36.61,108,29.87,11.04,12.13,12.50,16.97,81.73
189,CatArrayBatchedCopy_aligned16_contig,57.93,108,75.61,75.61,90.91,100,60.00,62.63
190,ampere_sgemm_128x32_tn,88.68,108,80.07,2.25,45.64,50,0.17,97.21
191,ampere_sgemm_128x32_sliced1x4_nt,98.08,108,40.40,4.94,12.50,12.50,0,84.34
192,reduce_kernel,12.03,108,51.90,51.90,56.60,62.50,6.38,19.69
193,vectorized_elementwise_kernel,0.04,108,0.57,0.18,6.17,100,0,83.58
194,vectorized_elementwise_kernel,6.39,108,38.58,32.94,66.77,100,0,51.98
195,layer_norm_grad_input_kernel_vectorized,37.70,108,65.23,65.23,65.17,75,44.15,54.24
196,GammaBetaBackwardCUDAKernel_32x32,12.24,108,38.59,38.59,49.91,100,0.09,18.57
197,vectorized_elementwise_kernel,6.67,108,73.86,73.86,88.25,100,29.33,40.67
198,vectorized_elementwise_kernel,0.02,108,0.48,0.09,6.21,100,0,88.39
199,vectorized_elementwise_kernel,0.02,108,0.47,0.09,6.20,100,0,89.07
200,vectorized_elementwise_kernel,15.38,108,68.52,68.52,84.71,100,0,54.52
201,ampere_sgemm_128x64_tn,95.88,108,48.16,2.06,23.96,25,0.37,98.53
202,ampere_sgemm_128x128_nt,98.50,108,31.90,3.97,23.45,25,0.04,77.87
203,reduce_kernel,9.00,108,32.39,32.39,40.99,62.50,8.28,7.20
204,vectorized_elementwise_kernel,0.02,108,0.51,0.09,6.21,100,0,89.16
205,vectorized_elementwise_kernel,7.33,108,43.80,37.61,73.26,100,0,51.89
206,vectorized_elementwise_kernel,6.49,108,87.16,87.16,92.15,100,0,49.16
207,vectorized_elementwise_kernel,6.49,108,87.31,87.31,92.14,100,0,48.75
208,vectorized_elementwise_kernel,7.84,108,87.76,87.76,92.02,100,0,48.72
209,vectorized_elementwise_kernel,8.62,108,84.20,84.20,88.84,100,0,61.85
210,vectorized_elementwise_kernel,8.57,108,84.38,84.38,88.51,100,0,61.76
211,vectorized_elementwise_kernel,8.56,108,83.51,83.51,88.36,100,0,61.34
212,vectorized_elementwise_kernel,8.59,108,84.19,84.19,88.75,100,0,61.96
213,vectorized_elementwise_kernel,6.47,108,87.07,87.07,92.22,100,0,48.72
214,vectorized_elementwise_kernel,6.46,108,86.62,86.62,91.83,100,27.52,44.34
215,vectorized_elementwise_kernel,8.58,108,84.47,84.47,88.83,100,0,61.58
216,vectorized_elementwise_kernel,6.46,108,86.63,86.63,91.90,100,27.47,44.29
217,ampere_sgemm_128x32_tn,89.18,108,80.40,2.45,45.63,50,0.13,96.68
218,ampere_sgemm_64x32_sliced1x4_nt,92.93,108,52.99,6.38,23.89,25,0.08,82.82
219,reduce_kernel,12.19,108,59.96,59.96,58.71,62.50,4.90,20.83
220,vectorized_elementwise_kernel,0.04,108,0.61,0.21,6.11,100,0,83.34
221,vectorized_elementwise_kernel,6.90,108,43.93,37.66,72.70,100,0,51.71
222,layer_norm_grad_input_kernel_vectorized,37.34,108,66.10,66.10,65.03,75,44.42,53.50
223,GammaBetaBackwardCUDAKernel_32x32,12.18,108,37.75,37.75,49.91,100,0.09,18.52
224,vectorized_elementwise_kernel,6.64,108,73.59,73.59,87.82,100,29.20,40.55
225,vectorized_elementwise_kernel,0.02,108,0.49,0.09,6.02,100,0,89.96
226,vectorized_elementwise_kernel,0.02,108,0.50,0.09,6.19,100,0,89.26
227,vectorized_elementwise_kernel,15.37,108,68.75,68.75,84.70,100,0,54.41
228,ampere_sgemm_128x32_tn,87.78,108,80.22,2.45,45.64,50,0.52,97.34
229,ampere_sgemm_64x32_sliced1x4_nt,82.27,108,46.89,5.95,20.85,25,0.08,81.48
230,reduce_kernel,9.17,108,32.63,32.63,41.20,62.50,8.29,6.76
231,vectorized_elementwise_kernel,0.02,108,0.50,0.10,6.20,100,0,90.23
232,vectorized_elementwise_kernel,4.05,108,19.01,18.91,43.10,100,0,53.56
233,vectorized_elementwise_kernel,6.39,108,76.09,76.09,88.07,100,0,46.20
234,reduce_kernel,75.86,108,23.93,23.93,90.24,100,10.44,8.62
235,elementwise_kernel,6.20,108,12.10,3.28,20.29,100,0,86.52
236,vectorized_elementwise_kernel,14.50,108,24.16,4.47,9.28,100,0,98.64
237,fmha_cutlassB_f32_aligned_64x64_k64_dropout_sm80,37.01,108,30.20,11.39,12.14,12.50,17.08,81.17
238,CatArrayBatchedCopy_aligned16_contig,57.31,108,75.63,75.63,90.82,100,60.00,62.96
239,ampere_sgemm_128x32_tn,88.78,108,80.16,2.26,45.65,50,0.18,97.18
240,ampere_sgemm_128x32_sliced1x4_nt,98.01,108,40.36,4.94,12.50,12.50,0,85.29
241,reduce_kernel,12.43,108,54.22,54.22,55.45,62.50,6.38,19.66
242,vectorized_elementwise_kernel,0.04,108,0.53,0.17,6.20,100,0,87.34
243,vectorized_elementwise_kernel,6.61,108,39.06,33.30,67.04,100,0,51.91
244,layer_norm_grad_input_kernel_vectorized,37.13,108,65.56,65.56,65.28,75,44.24,54.35
245,GammaBetaBackwardCUDAKernel_32x32,12.21,108,38.15,38.15,49.91,100,0.09,18.89
246,vectorized_elementwise_kernel,6.59,108,72.88,72.88,87.96,100,29.07,41.06
247,vectorized_elementwise_kernel,0.02,108,0.46,0.09,6.19,100,0,89.12
248,vectorized_elementwise_kernel,0.02,108,0.48,0.09,6.19,100,0,90.60
249,vectorized_elementwise_kernel,15.59,108,68.94,68.94,85.24,100,0,54.34
250,ampere_sgemm_128x64_tn,95.87,108,48.16,2.05,23.96,25,0.36,98.52
251,ampere_sgemm_128x128_nt,98.50,108,31.89,3.97,23.45,25,0.04,77.82
252,reduce_kernel,9.07,108,31.90,31.90,41.59,62.50,8.30,6.96
253,vectorized_elementwise_kernel,0.02,108,0.48,0.09,6.21,100,0,88.80
254,vectorized_elementwise_kernel,7.29,108,44.37,38.01,72.71,100,0,52.76
255,vectorized_elementwise_kernel,6.49,108,87.66,87.66,92.03,100,0,49.22
256,vectorized_elementwise_kernel,6.51,108,87.39,87.39,92.01,100,0,48.73
257,vectorized_elementwise_kernel,7.85,108,87.48,87.48,92.08,100,0,48.66
258,vectorized_elementwise_kernel,8.59,108,84.46,84.46,88.68,100,0,61.30
259,vectorized_elementwise_kernel,8.62,108,84.24,84.24,88.62,100,0,61.60
260,vectorized_elementwise_kernel,8.50,108,83.84,83.84,88.58,100,0,61.49
261,vectorized_elementwise_kernel,8.62,108,84.58,84.58,88.53,100,0,61.52
262,vectorized_elementwise_kernel,6.48,108,87.54,87.54,92.46,100,0,48.73
263,vectorized_elementwise_kernel,6.46,108,86.74,86.74,91.99,100,27.56,44.15
264,vectorized_elementwise_kernel,8.57,108,84.63,84.63,88.45,100,0,61.90
265,vectorized_elementwise_kernel,6.48,108,86.62,86.62,91.89,100,27.44,44.26
266,ampere_sgemm_128x32_tn,89.15,108,80.37,2.44,45.63,50,0.13,96.96
267,ampere_sgemm_64x32_sliced1x4_nt,92.96,108,53.01,6.38,23.88,25,0.08,82.74
268,reduce_kernel,11.74,108,60.28,60.28,57.10,62.50,4.90,20.88
269,vectorized_elementwise_kernel,0.04,108,0.58,0.21,6.16,100,0,83.74
270,vectorized_elementwise_kernel,7.29,108,43.56,37.39,73.06,100,0,51.93
271,layer_norm_grad_input_kernel_vectorized,37.32,108,66.23,66.23,65.21,75,43.43,53.63
272,GammaBetaBackwardCUDAKernel_32x32,12.12,108,37.71,37.71,49.91,100,0.09,18.19
273,vectorized_elementwise_kernel,6.56,108,73.89,73.89,87.42,100,29.23,41.46
274,vectorized_elementwise_kernel,0.02,108,0.46,0.09,6.19,100,0,90.09
275,vectorized_elementwise_kernel,0.02,108,0.49,0.09,6.19,100,0,89.00
276,vectorized_elementwise_kernel,15.41,108,69.61,69.61,85.11,100,0,54.22
277,ampere_sgemm_128x32_tn,87.74,108,80.19,2.46,45.64,50,0.53,97.34
278,ampere_sgemm_64x32_sliced1x4_nt,82.28,108,46.89,5.97,20.84,25,0.08,81.41
279,reduce_kernel,9.16,108,33.03,33.03,40.97,62.50,8.27,7.08
280,vectorized_elementwise_kernel,0.02,108,0.70,0.09,6.19,100,0,91.14
281,vectorized_elementwise_kernel,4.00,108,18.50,18.44,42.25,100,0,53.11
282,vectorized_elementwise_kernel,6.44,108,75.45,75.45,87.73,100,0,45.82
283,reduce_kernel,76.07,108,24.02,24.02,90.18,100,10.44,8.51
284,elementwise_kernel,6.19,108,12.09,3.26,20.46,100,0,86.30
285,vectorized_elementwise_kernel,14.50,108,24.16,4.47,9.47,100,0,100.03
286,fmha_cutlassB_f32_aligned_64x64_k64_dropout_sm80,36.62,108,29.88,11.24,12.18,12.50,16.96,81.53
287,CatArrayBatchedCopy_aligned16_contig,58.40,108,75.93,75.93,90.90,100,60.00,62.64
288,ampere_sgemm_128x32_tn,88.77,108,80.15,2.25,45.64,50,0.18,97.18
289,ampere_sgemm_128x32_sliced1x4_nt,98.07,108,40.39,4.94,12.50,12.50,0,85.31
290,reduce_kernel,12.24,108,52.27,52.27,55.92,62.50,6.38,19.47
291,vectorized_elementwise_kernel,0.04,108,0.60,0.18,6.13,100,0,83.62
292,vectorized_elementwise_kernel,6.53,108,39.52,33.72,66.63,100,0,52.21
293,layer_norm_grad_input_kernel_vectorized,37.47,108,65.29,65.29,65.29,75,44.47,54.77
294,GammaBetaBackwardCUDAKernel_32x32,12.23,108,38.45,38.45,49.91,100,0.09,18.94
295,vectorized_elementwise_kernel,6.58,108,72.75,72.75,87.67,100,29.26,41.24
296,vectorized_elementwise_kernel,0.02,108,0.47,0.09,6.19,100,0,90.33
297,vectorized_elementwise_kernel,0.02,108,0.48,0.09,6.19,100,0,90.26
298,vectorized_elementwise_kernel,15.23,108,69.72,69.72,84.72,100,0,54.40
299,ampere_sgemm_128x64_tn,95.87,108,48.16,2.05,23.96,25,0.37,98.57
300,ampere_sgemm_128x128_nt,98.49,108,31.89,3.99,23.45,25,0.04,77.89
301,reduce_kernel,9.44,108,33.86,33.86,41.95,62.50,8.28,7.12
302,vectorized_elementwise_kernel,0.02,108,0.49,0.09,6.21,100,0,88.48
303,vectorized_elementwise_kernel,7.14,108,37.67,37.67,74.48,100,0,51.76
304,vectorized_elementwise_kernel,6.45,108,87.08,87.08,92.14,100,0,49.18
305,vectorized_elementwise_kernel,6.47,108,87.19,87.19,92.53,100,0,48.86
306,vectorized_elementwise_kernel,7.86,108,87.51,87.51,92.18,100,0,48.70
307,vectorized_elementwise_kernel,8.59,108,84.83,84.83,88.64,100,0,61.22
308,vectorized_elementwise_kernel,8.57,108,84.55,84.55,88.58,100,0,61.62
309,vectorized_elementwise_kernel,8.58,108,83.91,83.91,88.41,100,0,61.45
310,vectorized_elementwise_kernel,8.66,108,84.56,84.56,88.54,100,0,61.73
311,vectorized_elementwise_kernel,6.46,108,87.39,87.39,92.57,100,0,48.66
312,vectorized_elementwise_kernel,6.45,108,86.53,86.53,91.81,100,27.46,44.24
313,vectorized_elementwise_kernel,8.60,108,84.51,84.51,88.65,100,0,62.29
314,vectorized_elementwise_kernel,6.47,108,86.60,86.60,91.90,100,27.49,44.19
315,ampere_sgemm_128x32_tn,89.04,108,80.28,2.44,45.63,50,0.13,96.88
316,ampere_sgemm_64x32_sliced1x4_nt,92.94,108,53.00,6.37,23.88,25,0.08,82.88
317,reduce_kernel,11.59,108,58.73,58.73,56.27,62.50,4.90,21.01
318,vectorized_elementwise_kernel,0.04,108,0.59,0.21,6.17,100,0,85.08
319,vectorized_elementwise_kernel,7.19,108,36.94,36.94,73.42,100,0,51.59
320,layer_norm_grad_input_kernel_vectorized,37.28,108,65.22,65.22,65.27,75,44.22,53.68
321,GammaBetaBackwardCUDAKernel_32x32,12.31,108,38.54,38.54,49.91,100,0.09,18.33
322,vectorized_elementwise_kernel,6.59,108,73.26,73.26,88.27,100,29.02,40.59
323,vectorized_elementwise_kernel,0.02,108,0.49,0.09,6.19,100,0,90.29
324,vectorized_elementwise_kernel,0.02,108,0.48,0.09,6.21,100,0,88.26
325,vectorized_elementwise_kernel,15.61,108,67.48,67.48,85.09,100,0,54.55
326,ampere_sgemm_128x32_tn,87.78,108,80.23,2.46,45.64,50,0.52,97.40
327,ampere_sgemm_64x32_sliced1x4_nt,82.10,108,46.79,5.98,20.85,25,0.08,81.43
328,reduce_kernel,9.55,108,33.68,33.68,41.57,62.50,8.28,6.82
329,vectorized_elementwise_kernel,0.02,108,0.47,0.09,6.21,100,0,88.32
330,vectorized_elementwise_kernel,4.03,108,19.04,18.93,42.33,100,0,53.39
331,vectorized_elementwise_kernel,6.46,108,75.67,75.67,88.31,100,0,46.13
332,reduce_kernel,75.76,108,24.01,24.01,90.21,100,10.44,8.85
333,elementwise_kernel,6.10,108,12.42,3.24,20.37,100,0,86.36
334,vectorized_elementwise_kernel,14.50,108,24.13,4.46,9.30,100,0,100.07
335,fmha_cutlassB_f32_aligned_64x64_k64_dropout_sm80,37.28,108,30.38,11.69,12.16,12.50,17.03,81.41
336,CatArrayBatchedCopy_aligned16_contig,58.42,108,75.58,75.58,90.91,100,60.00,62.86
337,ampere_sgemm_128x32_tn,88.67,108,80.06,2.25,45.65,50,0.18,97.19
338,ampere_sgemm_128x32_sliced1x4_nt,98.07,108,40.39,4.94,12.50,12.50,0,85.40
339,reduce_kernel,12.03,108,52.24,52.24,56.26,62.50,6.39,19.67
340,vectorized_elementwise_kernel,0.04,108,0.57,0.18,6.18,100,0,81.34
341,vectorized_elementwise_kernel,6.69,108,32.69,32.69,66.65,100,0,52.28
342,layer_norm_grad_input_kernel_vectorized,38.04,108,65.75,65.75,65.24,75,44.23,54.61
343,GammaBetaBackwardCUDAKernel_32x32,11.94,108,38.52,38.52,49.92,100,0.09,19.14
344,vectorized_elementwise_kernel,6.61,108,72.71,72.71,88.54,100,29.31,40.41
345,vectorized_elementwise_kernel,0.02,108,0.47,0.09,6.19,100,0,89.58
346,vectorized_elementwise_kernel,0.02,108,0.48,0.09,6.19,100,0,88.69
347,vectorized_elementwise_kernel,15.44,108,68.81,68.81,84.71,100,0,54.78
348,ampere_sgemm_128x64_tn,95.87,108,48.15,2.05,23.96,25,0.37,98.58
349,ampere_sgemm_128x128_nt,98.47,108,31.88,3.98,23.45,25,0.05,77.83
350,reduce_kernel,9.49,108,32.91,32.91,41.43,62.50,8.27,7.38
351,vectorized_elementwise_kernel,0.02,108,0.71,0.09,6.20,100,0,91.11
352,vectorized_elementwise_kernel,6.90,108,38.31,38.31,72.99,100,0,52.01
353,vectorized_elementwise_kernel,6.47,108,87.58,87.58,92.03,100,0,49.06
354,vectorized_elementwise_kernel,6.47,108,87.77,87.77,92.08,100,0,48.83
355,vectorized_elementwise_kernel,7.84,108,87.57,87.57,91.92,100,0,48.74
356,vectorized_elementwise_kernel,8.57,108,84.76,84.76,88.73,100,0,61.31
357,vectorized_elementwise_kernel,8.59,108,84.75,84.75,88.52,100,0,61.66
358,vectorized_elementwise_kernel,8.54,108,83.53,83.53,88.56,100,0,61.44
359,vectorized_elementwise_kernel,8.64,108,84.61,84.61,88.91,100,0,61.55
360,vectorized_elementwise_kernel,6.49,108,87.43,87.43,92.09,100,0,48.75
361,vectorized_elementwise_kernel,6.47,108,86.02,86.02,91.86,100,27.65,44.21
362,vectorized_elementwise_kernel,8.59,108,84.70,84.70,88.67,100,0,61.77
363,vectorized_elementwise_kernel,6.47,108,86.42,86.42,91.90,100,27.73,44.25
364,ampere_sgemm_128x32_tn,89.05,108,80.29,2.44,45.63,50,0.13,96.81
365,ampere_sgemm_64x32_sliced1x4_nt,92.94,108,53.00,6.38,23.89,25,0.08,82.71
366,reduce_kernel,11.38,108,63.37,63.37,58.78,62.50,4.90,21.05
367,vectorized_elementwise_kernel,0.04,108,0.60,0.22,6.18,100,0,79.29
368,vectorized_elementwise_kernel,7.24,108,37.83,37.83,74.12,100,0,51.35
369,layer_norm_grad_input_kernel_vectorized,37.49,108,65.87,65.87,65.19,75,44.39,54.40
370,GammaBetaBackwardCUDAKernel_32x32,12.11,108,38.21,38.21,49.91,100,0.09,18.38
371,vectorized_elementwise_kernel,6.54,108,73.29,73.29,88.02,100,29.34,40.87
372,vectorized_elementwise_kernel,0.02,108,0.47,0.09,6.17,100,0,89.51
373,vectorized_elementwise_kernel,0.02,108,0.51,0.10,6.03,100,0,89.43
374,vectorized_elementwise_kernel,15.64,108,68.29,68.29,84.38,100,0,54.51
375,ampere_sgemm_128x32_tn,87.77,108,80.22,2.45,45.63,50,0.52,97.38
376,ampere_sgemm_64x32_sliced1x4_nt,82.02,108,46.74,6.00,20.82,25,0.08,81.42
377,reduce_kernel,9.45,108,33.75,33.75,41.48,62.50,8.31,6.93
378,vectorized_elementwise_kernel,0.02,108,0.48,0.09,6.21,100,0,89.11
379,vectorized_elementwise_kernel,4.01,108,18.60,18.51,43.30,100,0,54.03
380,vectorized_elementwise_kernel,6.46,108,75.42,75.42,87.72,100,0,46.12
381,reduce_kernel,76.02,108,24.07,24.07,90.18,100,10.44,8.68
382,elementwise_kernel,6.02,108,12.41,3.24,20.36,100,0,86.76
383,vectorized_elementwise_kernel,14.50,108,24.14,4.45,9.46,100,0,98.31
384,fmha_cutlassB_f32_aligned_64x64_k64_dropout_sm80,37.02,108,30.17,11.18,12.15,12.50,17.09,81.86
385,CatArrayBatchedCopy_aligned16_contig,58.16,108,75.54,75.54,90.81,100,60.00,62.81
386,ampere_sgemm_128x32_tn,88.64,108,80.03,2.26,45.64,50,0.17,97.13
387,ampere_sgemm_128x32_sliced1x4_nt,98.08,108,40.39,4.94,12.50,12.50,0,84.71
388,reduce_kernel,12.40,108,53.53,53.53,56.66,62.50,6.37,19.67
389,vectorized_elementwise_kernel,0.04,108,0.57,0.17,6.20,100,0,84.95
390,vectorized_elementwise_kernel,6.45,108,33.40,33.40,66.49,100,0,51.74
391,layer_norm_grad_input_kernel_vectorized,37.46,108,65.61,65.61,65.20,75,44.48,53.99
392,GammaBetaBackwardCUDAKernel_32x32,12.15,108,38.44,38.44,49.91,100,0.09,18.96
393,vectorized_elementwise_kernel,6.64,108,73.62,73.62,88.01,100,29.07,40.95
394,vectorized_elementwise_kernel,0.02,108,0.47,0.09,6.16,100,0,89.10
395,vectorized_elementwise_kernel,0.02,108,0.71,0.09,6.19,100,0,89.64
396,vectorized_elementwise_kernel,15.51,108,68.30,68.30,84.83,100,0,54.55
397,ampere_sgemm_128x64_tn,95.89,108,48.17,2.06,23.96,25,0.37,98.57
398,ampere_sgemm_128x128_nt,98.47,108,31.89,3.97,23.45,25,0.04,78.14
399,reduce_kernel,9.29,108,33.48,33.48,41.58,62.50,8.28,7.29
400,vectorized_elementwise_kernel,0.02,108,0.48,0.09,6.21,100,0,89.57
401,vectorized_elementwise_kernel,7.36,108,36.59,36.59,73.15,100,0,52.19
402,vectorized_elementwise_kernel,6.48,108,87.33,87.33,92.04,100,0,49.26
403,vectorized_elementwise_kernel,6.46,108,87.22,87.22,92.02,100,0,48.66
404,vectorized_elementwise_kernel,7.84,108,87.14,87.14,92.05,100,0,48.97
405,vectorized_elementwise_kernel,8.62,108,84.77,84.77,88.57,100,0,61.47
406,vectorized_elementwise_kernel,8.60,108,84.66,84.66,88.81,100,0,61.34
407,vectorized_elementwise_kernel,8.49,108,83.88,83.88,88.63,100,0,61.37
408,vectorized_elementwise_kernel,8.63,108,84.74,84.74,89.50,100,0,61.75
409,vectorized_elementwise_kernel,6.49,108,86.79,86.79,92.10,100,0,48.58
410,vectorized_elementwise_kernel,6.44,108,86.52,86.52,91.89,100,27.64,44.37
411,vectorized_elementwise_kernel,8.62,108,84.49,84.49,88.68,100,0,61.92
412,vectorized_elementwise_kernel,6.47,108,86.41,86.41,91.84,100,27.49,44.34
413,ampere_sgemm_128x32_tn,89.08,108,80.31,2.44,45.63,50,0.13,96.62
414,ampere_sgemm_64x32_sliced1x4_nt,92.93,108,52.99,6.38,23.88,25,0.08,82.77
415,reduce_kernel,11.44,108,59.78,59.78,57.91,62.50,4.90,20.65
416,vectorized_elementwise_kernel,0.04,108,0.61,0.22,6.17,100,0,86.00
417,vectorized_elementwise_kernel,7.20,108,38.50,38.50,74.61,100,0,51.72
418,layer_norm_grad_input_kernel_vectorized,37.41,108,65.12,65.12,65.19,75,44.20,53.63
419,GammaBetaBackwardCUDAKernel_32x32,12.20,108,38.45,38.45,49.91,100,0.09,18.45
420,vectorized_elementwise_kernel,6.73,108,72.45,72.45,88.15,100,29.21,40.83
421,vectorized_elementwise_kernel,0.02,108,0.47,0.09,6.17,100,0,90.77
422,vectorized_elementwise_kernel,0.02,108,0.49,0.09,6.19,100,0,89.99
423,vectorized_elementwise_kernel,15.47,108,68.08,68.08,84.79,100,0,54.28
424,ampere_sgemm_128x32_tn,87.79,108,80.23,2.43,45.64,50,0.53,97.39
425,ampere_sgemm_64x32_sliced1x4_nt,82.02,108,46.74,5.94,20.82,25,0.09,81.46
426,reduce_kernel,9.43,108,31.88,31.88,41.43,62.50,8.30,6.85
427,vectorized_elementwise_kernel,0.02,108,0.50,0.09,6.21,100,0,90.12
428,vectorized_elementwise_kernel,4.09,108,19.13,18.61,43.09,100,0,54.06
429,vectorized_elementwise_kernel,6.46,108,75.32,75.32,87.92,100,0,46.13
430,reduce_kernel,75.98,108,23.95,23.95,90.19,100,10.44,8.80
431,elementwise_kernel,5.97,108,11.93,3.08,20.42,100,0,86.82
432,vectorized_elementwise_kernel,14.49,108,24.14,4.46,9.49,100,0,101.09
433,fmha_cutlassB_f32_aligned_64x64_k64_dropout_sm80,37.47,108,30.55,11.41,12.18,12.50,16.93,82.00
434,CatArrayBatchedCopy_aligned16_contig,58.24,108,75.54,75.54,90.93,100,60.00,62.67
435,ampere_sgemm_128x32_tn,88.69,108,80.08,2.24,45.64,50,0.18,97.16
436,ampere_sgemm_128x32_sliced1x4_nt,98.05,108,40.38,4.94,12.50,12.50,0,84.28
437,reduce_kernel,12.13,108,51.29,51.29,55.86,62.50,6.38,19.69
438,vectorized_elementwise_kernel,0.04,108,0.51,0.16,6.20,100,0,85.99
439,vectorized_elementwise_kernel,6.42,108,38.58,32.16,66.76,100,0,51.93
440,layer_norm_grad_input_kernel_vectorized,37.37,108,66.25,66.25,65.09,75,43.87,53.74
441,GammaBetaBackwardCUDAKernel_32x32,12.11,108,38.00,38.00,49.91,100,0.09,18.63
442,vectorized_elementwise_kernel,6.52,108,71.05,71.05,87.96,100,28.86,40.46
443,vectorized_elementwise_kernel,0.02,108,0.50,0.09,6.20,100,0,89.65
444,vectorized_elementwise_kernel,0.02,108,0.47,0.09,6.19,100,0,90.87
445,vectorized_elementwise_kernel,15.54,108,68.51,68.51,85.04,100,0,54.45
446,ampere_sgemm_128x64_tn,95.87,108,48.16,2.05,23.96,25,0.36,98.61
447,ampere_sgemm_128x128_nt,98.50,108,31.89,3.98,23.45,25,0.04,77.75
448,reduce_kernel,8.91,108,32.51,32.51,41.26,62.50,8.29,7.22
449,vectorized_elementwise_kernel,0.02,108,0.47,0.09,6.08,100,0,90.78
450,vectorized_elementwise_kernel,7.34,108,44.89,37.70,73.35,100,0,51.89
451,vectorized_elementwise_kernel,6.50,108,87.31,87.31,92.03,100,0,49.21
452,vectorized_elementwise_kernel,6.49,108,87.38,87.38,92.20,100,0,48.78
453,vectorized_elementwise_kernel,7.87,108,86.83,86.83,92.09,100,0,48.71
454,vectorized_elementwise_kernel,8.64,108,84.12,84.12,88.68,100,0,61.68
455,vectorized_elementwise_kernel,8.58,108,84.03,84.03,88.98,100,0,61.44
456,vectorized_elementwise_kernel,8.47,108,83.49,83.49,88.48,100,0,61.37
457,vectorized_elementwise_kernel,8.58,108,83.49,83.49,88.67,100,0,61.82
458,vectorized_elementwise_kernel,6.50,108,87.01,87.01,92.05,100,0,48.77
459,vectorized_elementwise_kernel,6.47,108,85.99,85.99,91.86,100,26.66,44.16
460,vectorized_elementwise_kernel,8.58,108,84.25,84.25,88.55,100,0,61.67
461,vectorized_elementwise_kernel,6.47,108,86.24,86.24,91.90,100,27.77,44.20
462,ampere_sgemm_128x32_tn,89.03,108,80.26,2.46,45.62,50,0.13,96.76
463,ampere_sgemm_64x32_sliced1x4_nt,92.92,108,52.99,6.37,23.89,25,0.08,82.64
464,reduce_kernel,11.86,108,58.57,58.57,57.18,62.50,4.89,21.07
465,vectorized_elementwise_kernel,0.04,108,0.61,0.21,6.19,100,0,85.97
466,vectorized_elementwise_kernel,7.45,108,44.41,37.20,73.03,100,0,51.35
467,layer_norm_grad_input_kernel_vectorized,37.55,108,64.60,64.60,65.18,75,44.56,53.61
468,GammaBetaBackwardCUDAKernel_32x32,12.19,108,38.14,38.14,49.91,100,0.09,18.63
469,vectorized_elementwise_kernel,6.53,108,71.22,71.22,88.00,100,29.50,40.86
470,vectorized_elementwise_kernel,0.02,108,0.46,0.09,6.19,100,0,90.65
471,vectorized_elementwise_kernel,0.02,108,0.47,0.09,6.21,100,0,90.61
472,vectorized_elementwise_kernel,15.45,108,66.70,66.70,84.48,100,0,54.47
473,ampere_sgemm_128x32_tn,87.82,108,80.25,2.46,45.63,50,0.51,97.40
474,ampere_sgemm_64x32_sliced1x4_nt,82.06,108,46.77,6.03,20.83,25,0.08,81.44
475,reduce_kernel,9.09,108,33.39,33.39,41.73,62.50,8.26,7.04
476,vectorized_elementwise_kernel,0.02,108,0.51,0.09,6.19,100,0,90.08
477,vectorized_elementwise_kernel,4.09,108,22.92,18.48,43.20,100,0,53.55
478,vectorized_elementwise_kernel,6.42,108,74.03,74.03,87.57,100,0,46.06
479,reduce_kernel,75.88,108,23.98,23.98,90.22,100,10.44,8.90
480,elementwise_kernel,6.04,108,12.46,3.19,20.45,100,0,86.90
481,vectorized_elementwise_kernel,14.49,108,24.15,4.43,9.28,100,0,99.77
482,fmha_cutlassB_f32_aligned_64x64_k64_dropout_sm80,36.68,108,29.93,11.09,12.18,12.50,16.92,81.96
483,CatArrayBatchedCopy_aligned16_contig,58.54,108,74.96,74.96,90.76,100,60.00,62.97
484,ampere_sgemm_128x32_tn,88.68,108,80.07,2.25,45.64,50,0.18,97.08
485,ampere_sgemm_128x32_sliced1x4_nt,98.08,108,40.39,4.94,12.50,12.50,0,84.72
486,reduce_kernel,12.16,108,50.64,50.64,56.26,62.50,6.38,19.90
487,vectorized_elementwise_kernel,0.04,108,0.59,0.17,6.12,100,0,85.65
488,vectorized_elementwise_kernel,6.29,108,38.46,32.06,67.43,100,0,51.74
489,layer_norm_grad_input_kernel_vectorized,37.23,108,65.28,65.28,65.14,75,44.62,53.78
490,GammaBetaBackwardCUDAKernel_32x32,12.19,108,38.08,38.08,49.91,100,0.09,18.96
491,vectorized_elementwise_kernel,6.59,108,72.16,72.16,88.18,100,29.09,41.04
492,vectorized_elementwise_kernel,0.02,108,0.46,0.09,6.19,100,0,89.68
493,vectorized_elementwise_kernel,0.02,108,0.47,0.09,6.19,100,0,91.69
494,vectorized_elementwise_kernel,15.72,108,67.47,67.47,84.30,100,0,54.26
495,ampere_sgemm_128x64_tn,95.88,108,48.16,2.05,23.96,25,0.36,98.57
496,ampere_sgemm_128x128_nt,98.47,108,31.88,3.99,23.45,25,0.04,77.65
497,reduce_kernel,9.16,108,32.72,32.72,41.50,62.50,8.28,6.94
498,vectorized_elementwise_kernel,0.02,108,0.52,0.09,6.21,100,0,89.83
499,vectorized_elementwise_kernel,7.06,108,45.08,37.71,73.01,100,0,52.22
500,vectorized_elementwise_kernel,6.47,108,87.00,87.00,91.99,100,0,49.12
501,vectorized_elementwise_kernel,6.49,108,86.72,86.72,92.23,100,0,48.74
502,vectorized_elementwise_kernel,7.86,108,87.36,87.36,91.99,100,0,48.78
503,vectorized_elementwise_kernel,8.58,108,84.00,84.00,88.57,100,0,61.68
504,vectorized_elementwise_kernel,8.58,108,83.81,83.81,88.57,100,0,61.77
505,vectorized_elementwise_kernel,8.55,108,83.24,83.24,89.21,100,0,61.18
506,vectorized_elementwise_kernel,8.54,108,83.94,83.94,88.77,100,0,61.80
507,vectorized_elementwise_kernel,6.49,108,86.67,86.67,92.08,100,0,48.63
508,vectorized_elementwise_kernel,6.47,108,85.94,85.94,91.87,100,27.67,44.06
509,vectorized_elementwise_kernel,8.55,108,84.26,84.26,88.68,100,0,61.69
510,vectorized_elementwise_kernel,6.50,108,86.19,86.19,91.82,100,27.56,44.24
511,ampere_sgemm_128x32_tn,89.05,108,80.28,2.45,45.63,50,0.13,96.76
512,ampere_sgemm_64x32_sliced1x4_nt,92.98,108,53.02,6.38,23.89,25,0.08,82.50
513,reduce_kernel,11.50,108,57.59,57.59,57.77,62.50,4.88,20.63
514,vectorized_elementwise_kernel,0.04,108,0.65,0.21,6.13,100,0,84.60
515,vectorized_elementwise_kernel,7.18,108,44.44,37.25,73.06,100,0,51.87
516,layer_norm_grad_input_kernel_vectorized,37.39,108,65.11,65.11,65.20,75,44.03,54.92
517,GammaBetaBackwardCUDAKernel_32x32,12.20,108,38.08,38.08,49.91,100,0.09,19.21
518,vectorized_elementwise_kernel,6.61,108,70.91,70.91,88.43,100,29.20,40.61
519,vectorized_elementwise_kernel,0.02,108,0.50,0.09,6.03,100,0,90.38
520,vectorized_elementwise_kernel,0.02,108,0.74,0.09,6.20,100,0,90.69
521,vectorized_elementwise_kernel,15.63,108,66.34,66.34,84.63,100,0,54.38
522,ampere_sgemm_128x32_tn,87.77,108,80.22,2.45,45.64,50,0.52,97.42
523,ampere_sgemm_64x32_sliced1x4_nt,82.25,108,46.87,5.98,20.82,25,0.08,81.44
524,reduce_kernel,9.48,108,32.31,32.31,41.75,62.50,8.28,6.95
525,vectorized_elementwise_kernel,0.02,108,0.50,0.09,6.20,100,0,89.92
526,vectorized_elementwise_kernel,4.05,108,22.92,18.49,42.11,100,0,53.50
527,vectorized_elementwise_kernel,6.43,108,75.42,75.42,87.96,100,0,45.88
528,reduce_kernel,75.74,108,23.92,23.92,90.17,100,10.44,8.50
529,elementwise_kernel,6.06,108,12.43,3.18,20.37,100,0,86.65
530,vectorized_elementwise_kernel,14.50,108,24.17,4.41,9.03,100,0,101.50
531,fmha_cutlassB_f32_aligned_64x64_k64_dropout_sm80,37.35,108,30.47,11.23,12.17,12.50,17.03,81.59
532,CatArrayBatchedCopy_aligned16_contig,57.69,108,75.29,75.29,90.74,100,60.00,63.03
533,ampere_sgemm_128x32_tn,88.68,108,80.06,2.26,45.64,50,0.18,97.11
534,ampere_sgemm_128x32_sliced1x4_nt,98.08,108,40.39,4.94,12.50,12.50,0,85.08
535,reduce_kernel,12.16,108,52.16,52.16,55.50,62.50,6.39,19.94
536,vectorized_elementwise_kernel,0.04,108,0.55,0.17,6.20,100,0,84.04
537,vectorized_elementwise_kernel,6.30,108,39.71,33.12,67.76,100,0,51.98
538,layer_norm_grad_input_kernel_vectorized,37.21,108,65.68,65.68,65.08,75,44.45,53.87
539,GammaBetaBackwardCUDAKernel_32x32,12.20,108,38.40,38.40,49.91,100,0.09,19.16
540,vectorized_elementwise_kernel,6.63,108,70.66,70.66,88.32,100,29.16,40.76
541,vectorized_elementwise_kernel,0.02,108,0.51,0.09,6.17,100,0,90.03
542,vectorized_elementwise_kernel,0.02,108,0.50,0.09,6.19,100,0,91.17
543,vectorized_elementwise_kernel,15.37,108,68.39,68.39,85.07,100,0,53.79
544,ampere_sgemm_128x64_tn,95.87,108,48.16,2.05,23.96,25,0.36,98.60
545,ampere_sgemm_128x128_nt,98.51,108,31.90,4.00,23.45,25,0.04,77.86
546,reduce_kernel,9.06,108,31.97,31.97,41.76,62.50,8.27,7.05
547,vectorized_elementwise_kernel,0.02,108,0.49,0.09,6.21,100,0,89.82
548,vectorized_elementwise_kernel,7.29,108,45.11,37.88,73.16,100,0,51.46
549,vectorized_elementwise_kernel,6.49,108,86.83,86.83,91.92,100,0,49.09
550,vectorized_elementwise_kernel,6.48,108,87.13,87.13,92.14,100,0,48.85
551,vectorized_elementwise_kernel,7.82,108,86.79,86.79,92.05,100,0,49.09
552,vectorized_elementwise_kernel,8.58,108,84.44,84.44,88.55,100,0,61.87
553,vectorized_elementwise_kernel,8.51,108,84.28,84.28,88.49,100,0,61.14
554,vectorized_elementwise_kernel,8.57,108,83.74,83.74,89.18,100,0,61.56
555,vectorized_elementwise_kernel,8.61,108,83.76,83.76,88.52,100,0,61.55
556,vectorized_elementwise_kernel,6.49,108,86.74,86.74,91.84,100,0,48.99
557,vectorized_elementwise_kernel,6.48,108,85.62,85.62,91.86,100,27.51,44.14
558,vectorized_elementwise_kernel,8.62,108,84.32,84.32,88.55,100,0,61.82
559,vectorized_elementwise_kernel,6.49,108,86.34,86.34,91.92,100,27.51,44.10
560,ampere_sgemm_128x32_tn,89.13,108,80.36,2.44,45.63,50,0.13,96.85
561,ampere_sgemm_64x32_sliced1x4_nt,92.96,108,53.01,6.38,23.89,25,0.08,82.83
562,reduce_kernel,11.77,108,57.72,57.72,57.87,62.50,4.91,21.04
563,vectorized_elementwise_kernel,0.04,108,0.62,0.21,6.18,100,0,82.93
564,vectorized_elementwise_kernel,7.34,108,43.41,36.38,72.67,100,0,50.92
565,layer_norm_grad_input_kernel_vectorized,37.47,108,65.57,65.57,65.18,75,44.64,53.65
566,GammaBetaBackwardCUDAKernel_32x32,12.29,108,38.29,38.29,49.91,100,0.09,18.84
567,vectorized_elementwise_kernel,6.59,108,72.40,72.40,88.44,100,29.07,40.37
568,vectorized_elementwise_kernel,0.02,108,0.47,0.09,6.19,100,0,89.29
569,vectorized_elementwise_kernel,0.02,108,0.46,0.09,6.20,100,0,90.40
570,vectorized_elementwise_kernel,15.31,108,68.79,68.79,84.94,100,0,54.62
571,ampere_sgemm_128x32_tn,87.79,108,80.23,2.46,45.64,50,0.52,97.44
572,ampere_sgemm_64x32_sliced1x4_nt,82.30,108,46.90,5.98,20.85,25,0.08,81.55
573,reduce_kernel,9.43,108,32.05,32.05,41.93,62.50,8.32,6.71
574,vectorized_elementwise_kernel,0.02,108,0.47,0.09,6.21,100,0,90.65
575,vectorized_elementwise_kernel,3.99,108,23.10,18.63,42.24,100,0,53.20
576,vectorized_elementwise_kernel,6.55,108,74.60,74.60,88.25,100,0,46.21
577,reduce_kernel,75.83,108,24.02,24.02,90.11,100,10.44,8.60
578,elementwise_kernel,6.11,108,12.43,3.20,20.47,100,0,86.81
579,vectorized_elementwise_kernel,14.51,108,24.17,4.42,9.02,100,0,98.14
580,fmha_cutlassB_f32_aligned_64x64_k64_dropout_sm80,37.29,108,30.39,11.25,12.16,12.50,17.04,81.78
581,CatArrayBatchedCopy_aligned16_contig,58.32,108,75.42,75.42,90.87,100,60.00,62.90
582,ampere_sgemm_128x32_tn,88.65,108,80.04,2.25,45.65,50,0.18,97.39
583,ampere_sgemm_128x32_sliced1x4_nt,98.07,108,40.39,4.94,12.50,12.50,0,84.76
584,reduce_kernel,12.24,108,49.95,49.95,55.89,62.50,6.38,20.05
585,vectorized_elementwise_kernel,0.04,108,0.55,0.16,6.20,100,0,85.79
586,vectorized_elementwise_kernel,6.40,108,31.92,31.92,66.48,100,0,52.40
587,layer_norm_grad_input_kernel_vectorized,37.75,108,65.57,65.57,65.10,75,44.63,53.46
588,GammaBetaBackwardCUDAKernel_32x32,12.20,108,38.27,38.27,49.91,100,0.09,18.78
589,vectorized_elementwise_kernel,6.54,108,71.84,71.84,88.46,100,28.30,40.76
590,vectorized_elementwise_kernel,0.02,108,0.50,0.09,6.19,100,0,90.47
591,vectorized_elementwise_kernel,0.02,108,0.47,0.09,6.19,100,0,90.07
592,vectorized_elementwise_kernel,15.63,108,67.92,67.92,84.73,100,0,54.01
593,reduce_kernel,11.26,108,50.25,50.25,42.66,62.50,15,21.32
594,vectorized_elementwise_kernel,5.73,108,27.46,0.03,32.24,100,0,99.97
595,embedding_backward_feature_kernel,4.90,108,4.24,4.24,49.83,100,32.65,39.95
596,vectorized_elementwise_kernel,4.58,108,27.66,22.51,46.78,100,0,53.47
597,elementwise_kernel_with_index,0.42,108,1.55,0.04,3.61,100,0,98.36
598,DeviceRadixSortHistogramKernel,24.39,108,13.29,0.49,36.06,43.75,0,59.25
599,DeviceRadixSortExclusiveSumKernel,0.15,108,0.64,0.26,12.38,100,50,80.59
600,DeviceRadixSortOnesweepKernel,0.85,108,0.97,0.48,18.65,18.75,9.46,67.69
601,DeviceRadixSortOnesweepKernel,0.93,108,0.86,0.53,18.67,18.75,8.85,70.73
602,DeviceRadixSortOnesweepKernel,0.63,108,0.94,0.59,18.31,18.75,1.11,70.05
603,DeviceRadixSortOnesweepKernel,0.62,108,0.94,0.59,18.24,18.75,1.11,67.28
604,DeviceRadixSortOnesweepKernel,0.63,108,0.95,0.59,18.22,18.75,1.11,66.08
605,DeviceRadixSortOnesweepKernel,0.63,108,0.94,0.59,18.27,18.75,1.11,66.96
606,DeviceRadixSortOnesweepKernel,0.63,108,0.94,0.59,18.22,18.75,1.11,60.43
607,DeviceRadixSortOnesweepKernel,0.62,108,0.94,0.59,18.31,18.75,1.11,76.37
608,vectorized_elementwise_kernel,13.31,108,88.00,72.35,72.90,100,0,100.23
609,DeviceCompactInitKernel,0.01,108,0.44,0.04,6.08,100,0,94.63
610,DeviceUniqueByKeySweepKernel,0.49,108,1.11,0.71,3.12,62.50,3.45,67.98
611,krn_partials_per_segment,0.34,108,0.57,0.13,3.33,50,39.92,87.29
612,DeviceScanInitKernel,0.01,108,0.48,0.04,6.02,100,0,94.67
613,DeviceScanKernel,0.39,108,1.09,0.66,6.22,75,0.11,70.51
614,compute_num_of_partial_segments,0.00,108,0.41,0.04,1.56,50,0,95.15
615,krn_partial_segment_offset,0.35,108,0.62,0.27,3.32,50,24.41,78.60
616,compute_grad_weight,48.80,108,23.12,20.37,56.64,75,34.00,17.35
617,sum_and_scatter,47.44,108,18.65,3.85,56.10,75,57.46,49.57
618,vectorized_elementwise_kernel,8.41,108,85.65,85.65,88.77,100,0,62.12
